file_name;key_repr
xortool_out/000.out;&\x7f'\ny&Oy;du'uc!y~w1P3
xortool_out/001.out;&\x7f'\ny&Oy;du'uc!y~w1\x153
xortool_out/002.out;&\x7f'\ny\x2fOy;du'uc!y~w1P3
xortool_out/003.out;&\x7f'\ny\x2fOy;du'uc!y~w1\x153
xortool_out/004.out;h\x7f'\ny&Oy;du'uc!y~w1P3
xortool_out/005.out;h\x7f'\ny&Oy;du'uc!y~w1\x153
xortool_out/006.out;h\x7f'\ny\x2fOy;du'uc!y~w1P3
xortool_out/007.out;h\x7f'\ny\x2fOy;du'uc!y~w1\x153
xortool_out/008.out;'~&\x0bx'Nx:et&tb x\x7fv0Q2
xortool_out/009.out;'~&\x0bx'Nx:et&tb x\x7fv0\x142
xortool_out/010.out;'~&\x0bx.Nx:et&tb x\x7fv0Q2
xortool_out/011.out;'~&\x0bx.Nx:et&tb x\x7fv0\x142
xortool_out/012.out;i~&\x0bx'Nx:et&tb x\x7fv0Q2
xortool_out/013.out;i~&\x0bx'Nx:et&tb x\x7fv0\x142
xortool_out/014.out;i~&\x0bx.Nx:et&tb x\x7fv0Q2
xortool_out/015.out;i~&\x0bx.Nx:et&tb x\x7fv0\x142
xortool_out/016.out;$}%\x08{$M{9fw%wa#{|u3R1
xortool_out/017.out;$}%\x08{$M{9fw%wa#{|u3\x171
xortool_out/018.out;$}%\x08{-M{9fw%wa#{|u3R1
xortool_out/019.out;$}%\x08{-M{9fw%wa#{|u3\x171
xortool_out/020.out;j}%\x08{$M{9fw%wa#{|u3R1
xortool_out/021.out;j}%\x08{$M{9fw%wa#{|u3\x171
xortool_out/022.out;j}%\x08{-M{9fw%wa#{|u3R1
xortool_out/023.out;j}%\x08{-M{9fw%wa#{|u3\x171
xortool_out/024.out;%|$\tz%Lz8gv$v`"z}t2S0
xortool_out/025.out;%|$\tz%Lz8gv$v`"z}t2\x160
xortool_out/026.out;%|$\tz,Lz8gv$v`"z}t2S0
xortool_out/027.out;%|$\tz,Lz8gv$v`"z}t2\x160
xortool_out/028.out;k|$\tz%Lz8gv$v`"z}t2S0
xortool_out/029.out;k|$\tz%Lz8gv$v`"z}t2\x160
xortool_out/030.out;k|$\tz,Lz8gv$v`"z}t2S0
xortool_out/031.out;k|$\tz,Lz8gv$v`"z}t2\x160
xortool_out/032.out;"{#\x0e}"K}?`q#qg%}zs5T7
xortool_out/033.out;"{#\x0e}"K}?`q#qg%}zs5\x117
xortool_out/034.out;"{#\x0e}+K}?`q#qg%}zs5T7
xortool_out/035.out;"{#\x0e}+K}?`q#qg%}zs5\x117
xortool_out/036.out;l{#\x0e}"K}?`q#qg%}zs5T7
xortool_out/037.out;l{#\x0e}"K}?`q#qg%}zs5\x117
xortool_out/038.out;l{#\x0e}+K}?`q#qg%}zs5T7
xortool_out/039.out;l{#\x0e}+K}?`q#qg%}zs5\x117
xortool_out/040.out;#z"\x0f|#J|>ap"pf$|{r4U6
xortool_out/041.out;#z"\x0f|#J|>ap"pf$|{r4\x106
xortool_out/042.out;#z"\x0f|*J|>ap"pf$|{r4U6
xortool_out/043.out;#z"\x0f|*J|>ap"pf$|{r4\x106
xortool_out/044.out;mz"\x0f|#J|>ap"pf$|{r4U6
xortool_out/045.out;mz"\x0f|#J|>ap"pf$|{r4\x106
xortool_out/046.out;mz"\x0f|*J|>ap"pf$|{r4U6
xortool_out/047.out;mz"\x0f|*J|>ap"pf$|{r4\x106
xortool_out/048.out; y!\x0c\x7f I\x7f=bs!se'\x7fxq7V5
xortool_out/049.out; y!\x0c\x7f I\x7f=bs!se'\x7fxq7\x135
xortool_out/050.out; y!\x0c\x7f)I\x7f=bs!se'\x7fxq7V5
xortool_out/051.out; y!\x0c\x7f)I\x7f=bs!se'\x7fxq7\x135
xortool_out/052.out;ny!\x0c\x7f I\x7f=bs!se'\x7fxq7V5
xortool_out/053.out;ny!\x0c\x7f I\x7f=bs!se'\x7fxq7\x135
xortool_out/054.out;ny!\x0c\x7f)I\x7f=bs!se'\x7fxq7V5
xortool_out/055.out;ny!\x0c\x7f)I\x7f=bs!se'\x7fxq7\x135
xortool_out/056.out;!x \r~!H~<cr rd&~yp6W4
xortool_out/057.out;!x \r~!H~<cr rd&~yp6\x124
xortool_out/058.out;!x \r~(H~<cr rd&~yp6W4
xortool_out/059.out;!x \r~(H~<cr rd&~yp6\x124
xortool_out/060.out;ox \r~!H~<cr rd&~yp6W4
xortool_out/061.out;ox \r~!H~<cr rd&~yp6\x124
xortool_out/062.out;ox \r~(H~<cr rd&~yp6W4
xortool_out/063.out;ox \r~(H~<cr rd&~yp6\x124
xortool_out/064.out;.w\x2f\x02q.Gq3l}\x2f}k)qv\x7f9X;
xortool_out/065.out;.w\x2f\x02q.Gq3l}\x2f}k)qv\x7f9\x1d;
xortool_out/066.out;.w\x2f\x02q'Gq3l}\x2f}k)qv\x7f9X;
xortool_out/067.out;.w\x2f\x02q'Gq3l}\x2f}k)qv\x7f9\x1d;
xortool_out/068.out;`w\x2f\x02q.Gq3l}\x2f}k)qv\x7f9X;
xortool_out/069.out;`w\x2f\x02q.Gq3l}\x2f}k)qv\x7f9\x1d;
xortool_out/070.out;`w\x2f\x02q'Gq3l}\x2f}k)qv\x7f9X;
xortool_out/071.out;`w\x2f\x02q'Gq3l}\x2f}k)qv\x7f9\x1d;
xortool_out/072.out;\x2fv.\x03p\x2fFp2m|.|j(pw~8Y:
xortool_out/073.out;\x2fv.\x03p\x2fFp2m|.|j(pw~8\x1c:
xortool_out/074.out;\x2fv.\x03p&Fp2m|.|j(pw~8Y:
xortool_out/075.out;\x2fv.\x03p&Fp2m|.|j(pw~8\x1c:
xortool_out/076.out;av.\x03p\x2fFp2m|.|j(pw~8Y:
xortool_out/077.out;av.\x03p\x2fFp2m|.|j(pw~8\x1c:
xortool_out/078.out;av.\x03p&Fp2m|.|j(pw~8Y:
xortool_out/079.out;av.\x03p&Fp2m|.|j(pw~8\x1c:
xortool_out/080.out;w.v[(w\x1e(j5$v$2p(\x2f&`\x01b
xortool_out/081.out;w.v[(w\x1e(j5$v$2p(\x2f&`Db
xortool_out/082.out;w.v[(~\x1e(j5$v$2p(\x2f&`\x01b
xortool_out/083.out;w.v[(~\x1e(j5$v$2p(\x2f&`Db
xortool_out/084.out;9.v[(w\x1e(j5$v$2p(\x2f&`\x01b
xortool_out/085.out;9.v[(w\x1e(j5$v$2p(\x2f&`Db
xortool_out/086.out;9.v[(~\x1e(j5$v$2p(\x2f&`\x01b
xortool_out/087.out;9.v[(~\x1e(j5$v$2p(\x2f&`Db
xortool_out/088.out;t-uX+t\x1d+i6'u'1s+,%c\x02a
xortool_out/089.out;t-uX+t\x1d+i6'u'1s+,%cGa
xortool_out/090.out;t-uX+}\x1d+i6'u'1s+,%c\x02a
xortool_out/091.out;t-uX+}\x1d+i6'u'1s+,%cGa
xortool_out/092.out;:-uX+t\x1d+i6'u'1s+,%c\x02a
xortool_out/093.out;:-uX+t\x1d+i6'u'1s+,%cGa
xortool_out/094.out;:-uX+}\x1d+i6'u'1s+,%c\x02a
xortool_out/095.out;:-uX+}\x1d+i6'u'1s+,%cGa
xortool_out/096.out;u,tY*u\x1c*h7&t&0r*-$b\x03`
xortool_out/097.out;u,tY*u\x1c*h7&t&0r*-$bF`
xortool_out/098.out;u,tY*|\x1c*h7&t&0r*-$b\x03`
xortool_out/099.out;u,tY*|\x1c*h7&t&0r*-$bF`
xortool_out/100.out;;,tY*u\x1c*h7&t&0r*-$b\x03`
xortool_out/101.out;;,tY*u\x1c*h7&t&0r*-$bF`
xortool_out/102.out;;,tY*|\x1c*h7&t&0r*-$b\x03`
xortool_out/103.out;;,tY*|\x1c*h7&t&0r*-$bF`
xortool_out/104.out;r+s^-r\x1b-o0!s!7u-*#e\x04g
xortool_out/105.out;r+s^-r\x1b-o0!s!7u-*#eAg
xortool_out/106.out;r+s^-{\x1b-o0!s!7u-*#e\x04g
xortool_out/107.out;r+s^-{\x1b-o0!s!7u-*#eAg
xortool_out/108.out;<+s^-r\x1b-o0!s!7u-*#e\x04g
xortool_out/109.out;<+s^-r\x1b-o0!s!7u-*#eAg
xortool_out/110.out;<+s^-{\x1b-o0!s!7u-*#e\x04g
xortool_out/111.out;<+s^-{\x1b-o0!s!7u-*#eAg
xortool_out/112.out;s*r_,s\x1a,n1 r 6t,+"d\x05f
xortool_out/113.out;s*r_,s\x1a,n1 r 6t,+"d@f
xortool_out/114.out;s*r_,z\x1a,n1 r 6t,+"d\x05f
xortool_out/115.out;s*r_,z\x1a,n1 r 6t,+"d@f
xortool_out/116.out;=*r_,s\x1a,n1 r 6t,+"d\x05f
xortool_out/117.out;=*r_,s\x1a,n1 r 6t,+"d@f
xortool_out/118.out;=*r_,z\x1a,n1 r 6t,+"d\x05f
xortool_out/119.out;=*r_,z\x1a,n1 r 6t,+"d@f
xortool_out/120.out;p)q\\\x2fp\x19\x2fm2#q#5w\x2f(!g\x06e
xortool_out/121.out;p)q\\\x2fp\x19\x2fm2#q#5w\x2f(!gCe
xortool_out/122.out;p)q\\\x2fy\x19\x2fm2#q#5w\x2f(!g\x06e
xortool_out/123.out;p)q\\\x2fy\x19\x2fm2#q#5w\x2f(!gCe
xortool_out/124.out;>)q\\\x2fp\x19\x2fm2#q#5w\x2f(!g\x06e
xortool_out/125.out;>)q\\\x2fp\x19\x2fm2#q#5w\x2f(!gCe
xortool_out/126.out;>)q\\\x2fy\x19\x2fm2#q#5w\x2f(!g\x06e
xortool_out/127.out;>)q\\\x2fy\x19\x2fm2#q#5w\x2f(!gCe
xortool_out/128.out;q(p].q\x18.l3"p"4v.) f\x07d
xortool_out/129.out;q(p].q\x18.l3"p"4v.) fBd
xortool_out/130.out;q(p].x\x18.l3"p"4v.) f\x07d
xortool_out/131.out;q(p].x\x18.l3"p"4v.) fBd
xortool_out/132.out;?(p].q\x18.l3"p"4v.) f\x07d
xortool_out/133.out;?(p].q\x18.l3"p"4v.) fBd
xortool_out/134.out;?(p].x\x18.l3"p"4v.) f\x07d
xortool_out/135.out;?(p].x\x18.l3"p"4v.) fBd
xortool_out/136.out;~'\x7fR!~\x17!c<-\x7f-;y!&\x2fi\x08k
xortool_out/137.out;~'\x7fR!~\x17!c<-\x7f-;y!&\x2fiMk
xortool_out/138.out;~'\x7fR!w\x17!c<-\x7f-;y!&\x2fi\x08k
xortool_out/139.out;~'\x7fR!w\x17!c<-\x7f-;y!&\x2fiMk
xortool_out/140.out;0'\x7fR!~\x17!c<-\x7f-;y!&\x2fi\x08k
xortool_out/141.out;0'\x7fR!~\x17!c<-\x7f-;y!&\x2fiMk
xortool_out/142.out;0'\x7fR!w\x17!c<-\x7f-;y!&\x2fi\x08k
xortool_out/143.out;0'\x7fR!w\x17!c<-\x7f-;y!&\x2fiMk
xortool_out/144.out;\x7f&~S \x7f\x16 b=,~,:x '.h\tj
xortool_out/145.out;\x7f&~S \x7f\x16 b=,~,:x '.hLj
xortool_out/146.out;\x7f&~S v\x16 b=,~,:x '.h\tj
xortool_out/147.out;\x7f&~S v\x16 b=,~,:x '.hLj
xortool_out/148.out;1&~S \x7f\x16 b=,~,:x '.h\tj
xortool_out/149.out;1&~S \x7f\x16 b=,~,:x '.hLj
xortool_out/150.out;1&~S v\x16 b=,~,:x '.h\tj
xortool_out/151.out;1&~S v\x16 b=,~,:x '.hLj
xortool_out/152.out;|%}P#|\x15#a>\x2f}\x2f9{#$-k\ni
xortool_out/153.out;|%}P#|\x15#a>\x2f}\x2f9{#$-kOi
xortool_out/154.out;|%}P#u\x15#a>\x2f}\x2f9{#$-k\ni
xortool_out/155.out;|%}P#u\x15#a>\x2f}\x2f9{#$-kOi
xortool_out/156.out;2%}P#|\x15#a>\x2f}\x2f9{#$-k\ni
xortool_out/157.out;2%}P#|\x15#a>\x2f}\x2f9{#$-kOi
xortool_out/158.out;2%}P#u\x15#a>\x2f}\x2f9{#$-k\ni
xortool_out/159.out;2%}P#u\x15#a>\x2f}\x2f9{#$-kOi
xortool_out/160.out;}$|Q"}\x14"`?.|.8z"%,j\x0bh
xortool_out/161.out;}$|Q"}\x14"`?.|.8z"%,jNh
xortool_out/162.out;}$|Q"t\x14"`?.|.8z"%,j\x0bh
xortool_out/163.out;}$|Q"t\x14"`?.|.8z"%,jNh
xortool_out/164.out;3$|Q"}\x14"`?.|.8z"%,j\x0bh
xortool_out/165.out;3$|Q"}\x14"`?.|.8z"%,jNh
xortool_out/166.out;3$|Q"t\x14"`?.|.8z"%,j\x0bh
xortool_out/167.out;3$|Q"t\x14"`?.|.8z"%,jNh
xortool_out/168.out;z#{V%z\x13%g8){)?}%"+m\x0co
xortool_out/169.out;z#{V%z\x13%g8){)?}%"+mIo
xortool_out/170.out;z#{V%s\x13%g8){)?}%"+m\x0co
xortool_out/171.out;z#{V%s\x13%g8){)?}%"+mIo
xortool_out/172.out;4#{V%z\x13%g8){)?}%"+m\x0co
xortool_out/173.out;4#{V%z\x13%g8){)?}%"+mIo
xortool_out/174.out;4#{V%s\x13%g8){)?}%"+m\x0co
xortool_out/175.out;4#{V%s\x13%g8){)?}%"+mIo
xortool_out/176.out;{"zW${\x12$f9(z(>|$#*l\rn
xortool_out/177.out;{"zW${\x12$f9(z(>|$#*lHn
xortool_out/178.out;{"zW$r\x12$f9(z(>|$#*l\rn
xortool_out/179.out;{"zW$r\x12$f9(z(>|$#*lHn
xortool_out/180.out;5"zW${\x12$f9(z(>|$#*l\rn
xortool_out/181.out;5"zW${\x12$f9(z(>|$#*lHn
xortool_out/182.out;5"zW$r\x12$f9(z(>|$#*l\rn
xortool_out/183.out;5"zW$r\x12$f9(z(>|$#*lHn
xortool_out/184.out;x!yT'x\x11'e:+y+=\x7f' )o\x0em
xortool_out/185.out;x!yT'x\x11'e:+y+=\x7f' )oKm
xortool_out/186.out;x!yT'q\x11'e:+y+=\x7f' )o\x0em
xortool_out/187.out;x!yT'q\x11'e:+y+=\x7f' )oKm
xortool_out/188.out;6!yT'x\x11'e:+y+=\x7f' )o\x0em
xortool_out/189.out;6!yT'x\x11'e:+y+=\x7f' )oKm
xortool_out/190.out;6!yT'q\x11'e:+y+=\x7f' )o\x0em
xortool_out/191.out;6!yT'q\x11'e:+y+=\x7f' )oKm
xortool_out/192.out;y xU&y\x10&d;*x*<~&!(n\x0fl
xortool_out/193.out;y xU&y\x10&d;*x*<~&!(nJl
xortool_out/194.out;y xU&p\x10&d;*x*<~&!(n\x0fl
xortool_out/195.out;y xU&p\x10&d;*x*<~&!(nJl
xortool_out/196.out;7 xU&y\x10&d;*x*<~&!(n\x0fl
xortool_out/197.out;7 xU&y\x10&d;*x*<~&!(nJl
xortool_out/198.out;7 xU&p\x10&d;*x*<~&!(n\x0fl
xortool_out/199.out;7 xU&p\x10&d;*x*<~&!(nJl
xortool_out/200.out;f?gJ9f\x0f9{$5g5#a9>7q\x10s
xortool_out/201.out;f?gJ9f\x0f9{$5g5#a9>7qUs
xortool_out/202.out;f?gJ9o\x0f9{$5g5#a9>7q\x10s
xortool_out/203.out;f?gJ9o\x0f9{$5g5#a9>7qUs
xortool_out/204.out;(?gJ9f\x0f9{$5g5#a9>7q\x10s
xortool_out/205.out;(?gJ9f\x0f9{$5g5#a9>7qUs
xortool_out/206.out;(?gJ9o\x0f9{$5g5#a9>7q\x10s
xortool_out/207.out;(?gJ9o\x0f9{$5g5#a9>7qUs
xortool_out/208.out;g>fK8g\x0e8z%4f4"`8?6p\x11r
xortool_out/209.out;g>fK8g\x0e8z%4f4"`8?6pTr
xortool_out/210.out;g>fK8n\x0e8z%4f4"`8?6p\x11r
xortool_out/211.out;g>fK8n\x0e8z%4f4"`8?6pTr
xortool_out/212.out;)>fK8g\x0e8z%4f4"`8?6p\x11r
xortool_out/213.out;)>fK8g\x0e8z%4f4"`8?6pTr
xortool_out/214.out;)>fK8n\x0e8z%4f4"`8?6p\x11r
xortool_out/215.out;)>fK8n\x0e8z%4f4"`8?6pTr
xortool_out/216.out;d=eH;d\r;y&7e7!c;<5s\x12q
xortool_out/217.out;d=eH;d\r;y&7e7!c;<5sWq
xortool_out/218.out;d=eH;m\r;y&7e7!c;<5s\x12q
xortool_out/219.out;d=eH;m\r;y&7e7!c;<5sWq
xortool_out/220.out;*=eH;d\r;y&7e7!c;<5s\x12q
xortool_out/221.out;*=eH;d\r;y&7e7!c;<5sWq
xortool_out/222.out;*=eH;m\r;y&7e7!c;<5s\x12q
xortool_out/223.out;*=eH;m\r;y&7e7!c;<5sWq
xortool_out/224.out;e<dI:e\x0c:x'6d6 b:=4r\x13p
xortool_out/225.out;e<dI:e\x0c:x'6d6 b:=4rVp
xortool_out/226.out;e<dI:l\x0c:x'6d6 b:=4r\x13p
xortool_out/227.out;e<dI:l\x0c:x'6d6 b:=4rVp
xortool_out/228.out;+<dI:e\x0c:x'6d6 b:=4r\x13p
xortool_out/229.out;+<dI:e\x0c:x'6d6 b:=4rVp
xortool_out/230.out;+<dI:l\x0c:x'6d6 b:=4r\x13p
xortool_out/231.out;+<dI:l\x0c:x'6d6 b:=4rVp
xortool_out/232.out;b;cN=b\x0b=\x7f 1c1'e=:3u\x14w
xortool_out/233.out;b;cN=b\x0b=\x7f 1c1'e=:3uQw
xortool_out/234.out;b;cN=k\x0b=\x7f 1c1'e=:3u\x14w
xortool_out/235.out;b;cN=k\x0b=\x7f 1c1'e=:3uQw
xortool_out/236.out;,;cN=b\x0b=\x7f 1c1'e=:3u\x14w
xortool_out/237.out;,;cN=b\x0b=\x7f 1c1'e=:3uQw
xortool_out/238.out;,;cN=k\x0b=\x7f 1c1'e=:3u\x14w
xortool_out/239.out;,;cN=k\x0b=\x7f 1c1'e=:3uQw
xortool_out/240.out;c:bO<c\n<~!0b0&d<;2t\x15v
xortool_out/241.out;c:bO<c\n<~!0b0&d<;2tPv
xortool_out/242.out;c:bO<j\n<~!0b0&d<;2t\x15v
xortool_out/243.out;c:bO<j\n<~!0b0&d<;2tPv
xortool_out/244.out;-:bO<c\n<~!0b0&d<;2t\x15v
xortool_out/245.out;-:bO<c\n<~!0b0&d<;2tPv
xortool_out/246.out;-:bO<j\n<~!0b0&d<;2t\x15v
xortool_out/247.out;-:bO<j\n<~!0b0&d<;2tPv
xortool_out/248.out;`9aL?`\t?}"3a3%g?81w\x16u
xortool_out/249.out;`9aL?`\t?}"3a3%g?81wSu
xortool_out/250.out;`9aL?i\t?}"3a3%g?81w\x16u
xortool_out/251.out;`9aL?i\t?}"3a3%g?81wSu
xortool_out/252.out;.9aL?`\t?}"3a3%g?81w\x16u
xortool_out/253.out;.9aL?`\t?}"3a3%g?81wSu
xortool_out/254.out;.9aL?i\t?}"3a3%g?81w\x16u
xortool_out/255.out;.9aL?i\t?}"3a3%g?81wSu
xortool_out/256.out;a8`M>a\x08>|#2`2$f>90v\x17t
xortool_out/257.out;a8`M>a\x08>|#2`2$f>90vRt
xortool_out/258.out;a8`M>h\x08>|#2`2$f>90v\x17t
xortool_out/259.out;a8`M>h\x08>|#2`2$f>90vRt
xortool_out/260.out;\x2f8`M>a\x08>|#2`2$f>90v\x17t
xortool_out/261.out;\x2f8`M>a\x08>|#2`2$f>90vRt
xortool_out/262.out;\x2f8`M>h\x08>|#2`2$f>90v\x17t
xortool_out/263.out;\x2f8`M>h\x08>|#2`2$f>90vRt
xortool_out/264.out;n7oB1n\x071s,=o=+i16?y\x18{
xortool_out/265.out;n7oB1n\x071s,=o=+i16?y]{
xortool_out/266.out;n7oB1g\x071s,=o=+i16?y\x18{
xortool_out/267.out;n7oB1g\x071s,=o=+i16?y]{
xortool_out/268.out; 7oB1n\x071s,=o=+i16?y\x18{
xortool_out/269.out; 7oB1n\x071s,=o=+i16?y]{
xortool_out/270.out; 7oB1g\x071s,=o=+i16?y\x18{
xortool_out/271.out; 7oB1g\x071s,=o=+i16?y]{
xortool_out/272.out;o6nC0o\x060r-<n<*h07>x\x19z
xortool_out/273.out;o6nC0o\x060r-<n<*h07>x\\z
xortool_out/274.out;o6nC0f\x060r-<n<*h07>x\x19z
xortool_out/275.out;o6nC0f\x060r-<n<*h07>x\\z
xortool_out/276.out;!6nC0o\x060r-<n<*h07>x\x19z
xortool_out/277.out;!6nC0o\x060r-<n<*h07>x\\z
xortool_out/278.out;!6nC0f\x060r-<n<*h07>x\x19z
xortool_out/279.out;!6nC0f\x060r-<n<*h07>x\\z
xortool_out/280.out;l5m@3l\x053q.?m?)k34={\x1ay
xortool_out/281.out;l5m@3l\x053q.?m?)k34={_y
xortool_out/282.out;l5m@3e\x053q.?m?)k34={\x1ay
xortool_out/283.out;l5m@3e\x053q.?m?)k34={_y
xortool_out/284.out;"5m@3l\x053q.?m?)k34={\x1ay
xortool_out/285.out;"5m@3l\x053q.?m?)k34={_y
xortool_out/286.out;"5m@3e\x053q.?m?)k34={\x1ay
xortool_out/287.out;"5m@3e\x053q.?m?)k34={_y
xortool_out/288.out;W\x0eV{\x08W>\x08J\x15\x04V\x04\x12P\x08\x0f\x06@!B
xortool_out/289.out;W\x0eV{\x08W>\x08J\x15\x04V\x04\x12P\x08\x0f\x06@dB
xortool_out/290.out;W\x0eV{\x08^>\x08J\x15\x04V\x04\x12P\x08\x0f\x06@!B
xortool_out/291.out;W\x0eV{\x08^>\x08J\x15\x04V\x04\x12P\x08\x0f\x06@dB
xortool_out/292.out;\x19\x0eV{\x08W>\x08J\x15\x04V\x04\x12P\x08\x0f\x06@!B
xortool_out/293.out;\x19\x0eV{\x08W>\x08J\x15\x04V\x04\x12P\x08\x0f\x06@dB
xortool_out/294.out;\x19\x0eV{\x08^>\x08J\x15\x04V\x04\x12P\x08\x0f\x06@!B
xortool_out/295.out;\x19\x0eV{\x08^>\x08J\x15\x04V\x04\x12P\x08\x0f\x06@dB
xortool_out/296.out;T\rUx\x0bT=\x0bI\x16\x07U\x07\x11S\x0b\x0c\x05C"A
xortool_out/297.out;T\rUx\x0bT=\x0bI\x16\x07U\x07\x11S\x0b\x0c\x05CgA
xortool_out/298.out;T\rUx\x0b]=\x0bI\x16\x07U\x07\x11S\x0b\x0c\x05C"A
xortool_out/299.out;T\rUx\x0b]=\x0bI\x16\x07U\x07\x11S\x0b\x0c\x05CgA
xortool_out/300.out;\x1a\rUx\x0bT=\x0bI\x16\x07U\x07\x11S\x0b\x0c\x05C"A
xortool_out/301.out;\x1a\rUx\x0bT=\x0bI\x16\x07U\x07\x11S\x0b\x0c\x05CgA
xortool_out/302.out;\x1a\rUx\x0b]=\x0bI\x16\x07U\x07\x11S\x0b\x0c\x05C"A
xortool_out/303.out;\x1a\rUx\x0b]=\x0bI\x16\x07U\x07\x11S\x0b\x0c\x05CgA
xortool_out/304.out;U\x0cTy\nU<\nH\x17\x06T\x06\x10R\n\r\x04B#@
xortool_out/305.out;U\x0cTy\nU<\nH\x17\x06T\x06\x10R\n\r\x04Bf@
xortool_out/306.out;U\x0cTy\n\\<\nH\x17\x06T\x06\x10R\n\r\x04B#@
xortool_out/307.out;U\x0cTy\n\\<\nH\x17\x06T\x06\x10R\n\r\x04Bf@
xortool_out/308.out;\x1b\x0cTy\nU<\nH\x17\x06T\x06\x10R\n\r\x04B#@
xortool_out/309.out;\x1b\x0cTy\nU<\nH\x17\x06T\x06\x10R\n\r\x04Bf@
xortool_out/310.out;\x1b\x0cTy\n\\<\nH\x17\x06T\x06\x10R\n\r\x04B#@
xortool_out/311.out;\x1b\x0cTy\n\\<\nH\x17\x06T\x06\x10R\n\r\x04Bf@
xortool_out/312.out;R\x0bS~\rR;\rO\x10\x01S\x01\x17U\r\n\x03E$G
xortool_out/313.out;R\x0bS~\rR;\rO\x10\x01S\x01\x17U\r\n\x03EaG
xortool_out/314.out;R\x0bS~\r[;\rO\x10\x01S\x01\x17U\r\n\x03E$G
xortool_out/315.out;R\x0bS~\r[;\rO\x10\x01S\x01\x17U\r\n\x03EaG
xortool_out/316.out;\x1c\x0bS~\rR;\rO\x10\x01S\x01\x17U\r\n\x03E$G
xortool_out/317.out;\x1c\x0bS~\rR;\rO\x10\x01S\x01\x17U\r\n\x03EaG
xortool_out/318.out;\x1c\x0bS~\r[;\rO\x10\x01S\x01\x17U\r\n\x03E$G
xortool_out/319.out;\x1c\x0bS~\r[;\rO\x10\x01S\x01\x17U\r\n\x03EaG
xortool_out/320.out;S\nR\x7f\x0cS:\x0cN\x11\x00R\x00\x16T\x0c\x0b\x02D%F
xortool_out/321.out;S\nR\x7f\x0cS:\x0cN\x11\x00R\x00\x16T\x0c\x0b\x02D`F
xortool_out/322.out;S\nR\x7f\x0cZ:\x0cN\x11\x00R\x00\x16T\x0c\x0b\x02D%F
xortool_out/323.out;S\nR\x7f\x0cZ:\x0cN\x11\x00R\x00\x16T\x0c\x0b\x02D`F
xortool_out/324.out;\x1d\nR\x7f\x0cS:\x0cN\x11\x00R\x00\x16T\x0c\x0b\x02D%F
xortool_out/325.out;\x1d\nR\x7f\x0cS:\x0cN\x11\x00R\x00\x16T\x0c\x0b\x02D`F
xortool_out/326.out;\x1d\nR\x7f\x0cZ:\x0cN\x11\x00R\x00\x16T\x0c\x0b\x02D%F
xortool_out/327.out;\x1d\nR\x7f\x0cZ:\x0cN\x11\x00R\x00\x16T\x0c\x0b\x02D`F
xortool_out/328.out;P\tQ|\x0fP9\x0fM\x12\x03Q\x03\x15W\x0f\x08\x01G&E
xortool_out/329.out;P\tQ|\x0fP9\x0fM\x12\x03Q\x03\x15W\x0f\x08\x01GcE
xortool_out/330.out;P\tQ|\x0fY9\x0fM\x12\x03Q\x03\x15W\x0f\x08\x01G&E
xortool_out/331.out;P\tQ|\x0fY9\x0fM\x12\x03Q\x03\x15W\x0f\x08\x01GcE
xortool_out/332.out;\x1e\tQ|\x0fP9\x0fM\x12\x03Q\x03\x15W\x0f\x08\x01G&E
xortool_out/333.out;\x1e\tQ|\x0fP9\x0fM\x12\x03Q\x03\x15W\x0f\x08\x01GcE
xortool_out/334.out;\x1e\tQ|\x0fY9\x0fM\x12\x03Q\x03\x15W\x0f\x08\x01G&E
xortool_out/335.out;\x1e\tQ|\x0fY9\x0fM\x12\x03Q\x03\x15W\x0f\x08\x01GcE
xortool_out/336.out;Q\x08P}\x0eQ8\x0eL\x13\x02P\x02\x14V\x0e\t\x00F'D
xortool_out/337.out;Q\x08P}\x0eQ8\x0eL\x13\x02P\x02\x14V\x0e\t\x00FbD
xortool_out/338.out;Q\x08P}\x0eX8\x0eL\x13\x02P\x02\x14V\x0e\t\x00F'D
xortool_out/339.out;Q\x08P}\x0eX8\x0eL\x13\x02P\x02\x14V\x0e\t\x00FbD
xortool_out/340.out;\x1f\x08P}\x0eQ8\x0eL\x13\x02P\x02\x14V\x0e\t\x00F'D
xortool_out/341.out;\x1f\x08P}\x0eQ8\x0eL\x13\x02P\x02\x14V\x0e\t\x00FbD
xortool_out/342.out;\x1f\x08P}\x0eX8\x0eL\x13\x02P\x02\x14V\x0e\t\x00F'D
xortool_out/343.out;\x1f\x08P}\x0eX8\x0eL\x13\x02P\x02\x14V\x0e\t\x00FbD
xortool_out/344.out;^\x07_r\x01^7\x01C\x1c\r_\r\x1bY\x01\x06\x0fI(K
xortool_out/345.out;^\x07_r\x01^7\x01C\x1c\r_\r\x1bY\x01\x06\x0fImK
xortool_out/346.out;^\x07_r\x01W7\x01C\x1c\r_\r\x1bY\x01\x06\x0fI(K
xortool_out/347.out;^\x07_r\x01W7\x01C\x1c\r_\r\x1bY\x01\x06\x0fImK
xortool_out/348.out;\x10\x07_r\x01^7\x01C\x1c\r_\r\x1bY\x01\x06\x0fI(K
xortool_out/349.out;\x10\x07_r\x01^7\x01C\x1c\r_\r\x1bY\x01\x06\x0fImK
xortool_out/350.out;\x10\x07_r\x01W7\x01C\x1c\r_\r\x1bY\x01\x06\x0fI(K
xortool_out/351.out;\x10\x07_r\x01W7\x01C\x1c\r_\r\x1bY\x01\x06\x0fImK
xortool_out/352.out;_\x06^s\x00_6\x00B\x1d\x0c^\x0c\x1aX\x00\x07\x0eH)J
xortool_out/353.out;_\x06^s\x00_6\x00B\x1d\x0c^\x0c\x1aX\x00\x07\x0eHlJ
xortool_out/354.out;_\x06^s\x00V6\x00B\x1d\x0c^\x0c\x1aX\x00\x07\x0eH)J
xortool_out/355.out;_\x06^s\x00V6\x00B\x1d\x0c^\x0c\x1aX\x00\x07\x0eHlJ
xortool_out/356.out;\x11\x06^s\x00_6\x00B\x1d\x0c^\x0c\x1aX\x00\x07\x0eH)J
xortool_out/357.out;\x11\x06^s\x00_6\x00B\x1d\x0c^\x0c\x1aX\x00\x07\x0eHlJ
xortool_out/358.out;\x11\x06^s\x00V6\x00B\x1d\x0c^\x0c\x1aX\x00\x07\x0eH)J
xortool_out/359.out;\x11\x06^s\x00V6\x00B\x1d\x0c^\x0c\x1aX\x00\x07\x0eHlJ
xortool_out/360.out;\\\x05]p\x03\\5\x03A\x1e\x0f]\x0f\x19[\x03\x04\rK*I
xortool_out/361.out;\\\x05]p\x03\\5\x03A\x1e\x0f]\x0f\x19[\x03\x04\rKoI
xortool_out/362.out;\\\x05]p\x03U5\x03A\x1e\x0f]\x0f\x19[\x03\x04\rK*I
xortool_out/363.out;\\\x05]p\x03U5\x03A\x1e\x0f]\x0f\x19[\x03\x04\rKoI
xortool_out/364.out;\x12\x05]p\x03\\5\x03A\x1e\x0f]\x0f\x19[\x03\x04\rK*I
xortool_out/365.out;\x12\x05]p\x03\\5\x03A\x1e\x0f]\x0f\x19[\x03\x04\rKoI
xortool_out/366.out;\x12\x05]p\x03U5\x03A\x1e\x0f]\x0f\x19[\x03\x04\rK*I
xortool_out/367.out;\x12\x05]p\x03U5\x03A\x1e\x0f]\x0f\x19[\x03\x04\rKoI
xortool_out/368.out;]\x04\\q\x02]4\x02@\x1f\x0e\\\x0e\x18Z\x02\x05\x0cJ+H
xortool_out/369.out;]\x04\\q\x02]4\x02@\x1f\x0e\\\x0e\x18Z\x02\x05\x0cJnH
xortool_out/370.out;]\x04\\q\x02T4\x02@\x1f\x0e\\\x0e\x18Z\x02\x05\x0cJ+H
xortool_out/371.out;]\x04\\q\x02T4\x02@\x1f\x0e\\\x0e\x18Z\x02\x05\x0cJnH
xortool_out/372.out;\x13\x04\\q\x02]4\x02@\x1f\x0e\\\x0e\x18Z\x02\x05\x0cJ+H
xortool_out/373.out;\x13\x04\\q\x02]4\x02@\x1f\x0e\\\x0e\x18Z\x02\x05\x0cJnH
xortool_out/374.out;\x13\x04\\q\x02T4\x02@\x1f\x0e\\\x0e\x18Z\x02\x05\x0cJ+H
xortool_out/375.out;\x13\x04\\q\x02T4\x02@\x1f\x0e\\\x0e\x18Z\x02\x05\x0cJnH
xortool_out/376.out;Z\x03[v\x05Z3\x05G\x18\t[\t\x1f]\x05\x02\x0bM,O
xortool_out/377.out;Z\x03[v\x05Z3\x05G\x18\t[\t\x1f]\x05\x02\x0bMiO
xortool_out/378.out;Z\x03[v\x05S3\x05G\x18\t[\t\x1f]\x05\x02\x0bM,O
xortool_out/379.out;Z\x03[v\x05S3\x05G\x18\t[\t\x1f]\x05\x02\x0bMiO
xortool_out/380.out;\x14\x03[v\x05Z3\x05G\x18\t[\t\x1f]\x05\x02\x0bM,O
xortool_out/381.out;\x14\x03[v\x05Z3\x05G\x18\t[\t\x1f]\x05\x02\x0bMiO
xortool_out/382.out;\x14\x03[v\x05S3\x05G\x18\t[\t\x1f]\x05\x02\x0bM,O
xortool_out/383.out;\x14\x03[v\x05S3\x05G\x18\t[\t\x1f]\x05\x02\x0bMiO
xortool_out/384.out;[\x02Zw\x04[2\x04F\x19\x08Z\x08\x1e\\\x04\x03\nL-N
xortool_out/385.out;[\x02Zw\x04[2\x04F\x19\x08Z\x08\x1e\\\x04\x03\nLhN
xortool_out/386.out;[\x02Zw\x04R2\x04F\x19\x08Z\x08\x1e\\\x04\x03\nL-N
xortool_out/387.out;[\x02Zw\x04R2\x04F\x19\x08Z\x08\x1e\\\x04\x03\nLhN
xortool_out/388.out;\x15\x02Zw\x04[2\x04F\x19\x08Z\x08\x1e\\\x04\x03\nL-N
xortool_out/389.out;\x15\x02Zw\x04[2\x04F\x19\x08Z\x08\x1e\\\x04\x03\nLhN
xortool_out/390.out;\x15\x02Zw\x04R2\x04F\x19\x08Z\x08\x1e\\\x04\x03\nL-N
xortool_out/391.out;\x15\x02Zw\x04R2\x04F\x19\x08Z\x08\x1e\\\x04\x03\nLhN
xortool_out/392.out;X\x01Yt\x07X1\x07E\x1a\x0bY\x0b\x1d_\x07\x00\tO.M
xortool_out/393.out;X\x01Yt\x07X1\x07E\x1a\x0bY\x0b\x1d_\x07\x00\tOkM
xortool_out/394.out;X\x01Yt\x07Q1\x07E\x1a\x0bY\x0b\x1d_\x07\x00\tO.M
xortool_out/395.out;X\x01Yt\x07Q1\x07E\x1a\x0bY\x0b\x1d_\x07\x00\tOkM
xortool_out/396.out;\x16\x01Yt\x07X1\x07E\x1a\x0bY\x0b\x1d_\x07\x00\tO.M
xortool_out/397.out;\x16\x01Yt\x07X1\x07E\x1a\x0bY\x0b\x1d_\x07\x00\tOkM
xortool_out/398.out;\x16\x01Yt\x07Q1\x07E\x1a\x0bY\x0b\x1d_\x07\x00\tO.M
xortool_out/399.out;\x16\x01Yt\x07Q1\x07E\x1a\x0bY\x0b\x1d_\x07\x00\tOkM
xortool_out/400.out;Y\x00Xu\x06Y0\x06D\x1b\nX\n\x1c^\x06\x01\x08N\x2fL
xortool_out/401.out;Y\x00Xu\x06Y0\x06D\x1b\nX\n\x1c^\x06\x01\x08NjL
xortool_out/402.out;Y\x00Xu\x06P0\x06D\x1b\nX\n\x1c^\x06\x01\x08N\x2fL
xortool_out/403.out;Y\x00Xu\x06P0\x06D\x1b\nX\n\x1c^\x06\x01\x08NjL
xortool_out/404.out;\x17\x00Xu\x06Y0\x06D\x1b\nX\n\x1c^\x06\x01\x08N\x2fL
xortool_out/405.out;\x17\x00Xu\x06Y0\x06D\x1b\nX\n\x1c^\x06\x01\x08NjL
xortool_out/406.out;\x17\x00Xu\x06P0\x06D\x1b\nX\n\x1c^\x06\x01\x08N\x2fL
xortool_out/407.out;\x17\x00Xu\x06P0\x06D\x1b\nX\n\x1c^\x06\x01\x08NjL
xortool_out/408.out;F\x1fGj\x19F\x2f\x19[\x04\x15G\x15\x03A\x19\x1e\x17Q0S
xortool_out/409.out;F\x1fGj\x19F\x2f\x19[\x04\x15G\x15\x03A\x19\x1e\x17QuS
xortool_out/410.out;F\x1fGj\x19O\x2f\x19[\x04\x15G\x15\x03A\x19\x1e\x17Q0S
xortool_out/411.out;F\x1fGj\x19O\x2f\x19[\x04\x15G\x15\x03A\x19\x1e\x17QuS
xortool_out/412.out;\x08\x1fGj\x19F\x2f\x19[\x04\x15G\x15\x03A\x19\x1e\x17Q0S
xortool_out/413.out;\x08\x1fGj\x19F\x2f\x19[\x04\x15G\x15\x03A\x19\x1e\x17QuS
xortool_out/414.out;\x08\x1fGj\x19O\x2f\x19[\x04\x15G\x15\x03A\x19\x1e\x17Q0S
xortool_out/415.out;\x08\x1fGj\x19O\x2f\x19[\x04\x15G\x15\x03A\x19\x1e\x17QuS
xortool_out/416.out;G\x1eFk\x18G.\x18Z\x05\x14F\x14\x02@\x18\x1f\x16P1R
xortool_out/417.out;G\x1eFk\x18G.\x18Z\x05\x14F\x14\x02@\x18\x1f\x16PtR
xortool_out/418.out;G\x1eFk\x18N.\x18Z\x05\x14F\x14\x02@\x18\x1f\x16P1R
xortool_out/419.out;G\x1eFk\x18N.\x18Z\x05\x14F\x14\x02@\x18\x1f\x16PtR
xortool_out/420.out;\t\x1eFk\x18G.\x18Z\x05\x14F\x14\x02@\x18\x1f\x16P1R
xortool_out/421.out;\t\x1eFk\x18G.\x18Z\x05\x14F\x14\x02@\x18\x1f\x16PtR
xortool_out/422.out;\t\x1eFk\x18N.\x18Z\x05\x14F\x14\x02@\x18\x1f\x16P1R
xortool_out/423.out;\t\x1eFk\x18N.\x18Z\x05\x14F\x14\x02@\x18\x1f\x16PtR
xortool_out/424.out;D\x1dEh\x1bD-\x1bY\x06\x17E\x17\x01C\x1b\x1c\x15S2Q
xortool_out/425.out;D\x1dEh\x1bD-\x1bY\x06\x17E\x17\x01C\x1b\x1c\x15SwQ
xortool_out/426.out;D\x1dEh\x1bM-\x1bY\x06\x17E\x17\x01C\x1b\x1c\x15S2Q
xortool_out/427.out;D\x1dEh\x1bM-\x1bY\x06\x17E\x17\x01C\x1b\x1c\x15SwQ
xortool_out/428.out;\n\x1dEh\x1bD-\x1bY\x06\x17E\x17\x01C\x1b\x1c\x15S2Q
xortool_out/429.out;\n\x1dEh\x1bD-\x1bY\x06\x17E\x17\x01C\x1b\x1c\x15SwQ
xortool_out/430.out;\n\x1dEh\x1bM-\x1bY\x06\x17E\x17\x01C\x1b\x1c\x15S2Q
xortool_out/431.out;\n\x1dEh\x1bM-\x1bY\x06\x17E\x17\x01C\x1b\x1c\x15SwQ
xortool_out/432.out;E\x1cDi\x1aE,\x1aX\x07\x16D\x16\x00B\x1a\x1d\x14R3P
xortool_out/433.out;E\x1cDi\x1aE,\x1aX\x07\x16D\x16\x00B\x1a\x1d\x14RvP
xortool_out/434.out;E\x1cDi\x1aL,\x1aX\x07\x16D\x16\x00B\x1a\x1d\x14R3P
xortool_out/435.out;E\x1cDi\x1aL,\x1aX\x07\x16D\x16\x00B\x1a\x1d\x14RvP
xortool_out/436.out;\x0b\x1cDi\x1aE,\x1aX\x07\x16D\x16\x00B\x1a\x1d\x14R3P
xortool_out/437.out;\x0b\x1cDi\x1aE,\x1aX\x07\x16D\x16\x00B\x1a\x1d\x14RvP
xortool_out/438.out;\x0b\x1cDi\x1aL,\x1aX\x07\x16D\x16\x00B\x1a\x1d\x14R3P
xortool_out/439.out;\x0b\x1cDi\x1aL,\x1aX\x07\x16D\x16\x00B\x1a\x1d\x14RvP
xortool_out/440.out;B\x1bCn\x1dB+\x1d_\x00\x11C\x11\x07E\x1d\x1a\x13U4W
xortool_out/441.out;B\x1bCn\x1dB+\x1d_\x00\x11C\x11\x07E\x1d\x1a\x13UqW
xortool_out/442.out;B\x1bCn\x1dK+\x1d_\x00\x11C\x11\x07E\x1d\x1a\x13U4W
xortool_out/443.out;B\x1bCn\x1dK+\x1d_\x00\x11C\x11\x07E\x1d\x1a\x13UqW
xortool_out/444.out;\x0c\x1bCn\x1dB+\x1d_\x00\x11C\x11\x07E\x1d\x1a\x13U4W
xortool_out/445.out;\x0c\x1bCn\x1dB+\x1d_\x00\x11C\x11\x07E\x1d\x1a\x13UqW
xortool_out/446.out;\x0c\x1bCn\x1dK+\x1d_\x00\x11C\x11\x07E\x1d\x1a\x13U4W
xortool_out/447.out;\x0c\x1bCn\x1dK+\x1d_\x00\x11C\x11\x07E\x1d\x1a\x13UqW
xortool_out/448.out;C\x1aBo\x1cC*\x1c^\x01\x10B\x10\x06D\x1c\x1b\x12T5V
xortool_out/449.out;C\x1aBo\x1cC*\x1c^\x01\x10B\x10\x06D\x1c\x1b\x12TpV
xortool_out/450.out;C\x1aBo\x1cJ*\x1c^\x01\x10B\x10\x06D\x1c\x1b\x12T5V
xortool_out/451.out;C\x1aBo\x1cJ*\x1c^\x01\x10B\x10\x06D\x1c\x1b\x12TpV
xortool_out/452.out;\r\x1aBo\x1cC*\x1c^\x01\x10B\x10\x06D\x1c\x1b\x12T5V
xortool_out/453.out;\r\x1aBo\x1cC*\x1c^\x01\x10B\x10\x06D\x1c\x1b\x12TpV
xortool_out/454.out;\r\x1aBo\x1cJ*\x1c^\x01\x10B\x10\x06D\x1c\x1b\x12T5V
xortool_out/455.out;\r\x1aBo\x1cJ*\x1c^\x01\x10B\x10\x06D\x1c\x1b\x12TpV
xortool_out/456.out;@\x19Al\x1f@)\x1f]\x02\x13A\x13\x05G\x1f\x18\x11W6U
xortool_out/457.out;@\x19Al\x1f@)\x1f]\x02\x13A\x13\x05G\x1f\x18\x11WsU
xortool_out/458.out;@\x19Al\x1fI)\x1f]\x02\x13A\x13\x05G\x1f\x18\x11W6U
xortool_out/459.out;@\x19Al\x1fI)\x1f]\x02\x13A\x13\x05G\x1f\x18\x11WsU
xortool_out/460.out;\x0e\x19Al\x1f@)\x1f]\x02\x13A\x13\x05G\x1f\x18\x11W6U
xortool_out/461.out;\x0e\x19Al\x1f@)\x1f]\x02\x13A\x13\x05G\x1f\x18\x11WsU
xortool_out/462.out;\x0e\x19Al\x1fI)\x1f]\x02\x13A\x13\x05G\x1f\x18\x11W6U
xortool_out/463.out;\x0e\x19Al\x1fI)\x1f]\x02\x13A\x13\x05G\x1f\x18\x11WsU
xortool_out/464.out;A\x18@m\x1eA(\x1e\\\x03\x12@\x12\x04F\x1e\x19\x10V7T
xortool_out/465.out;A\x18@m\x1eA(\x1e\\\x03\x12@\x12\x04F\x1e\x19\x10VrT
xortool_out/466.out;A\x18@m\x1eH(\x1e\\\x03\x12@\x12\x04F\x1e\x19\x10V7T
xortool_out/467.out;A\x18@m\x1eH(\x1e\\\x03\x12@\x12\x04F\x1e\x19\x10VrT
xortool_out/468.out;\x0f\x18@m\x1eA(\x1e\\\x03\x12@\x12\x04F\x1e\x19\x10V7T
xortool_out/469.out;\x0f\x18@m\x1eA(\x1e\\\x03\x12@\x12\x04F\x1e\x19\x10VrT
xortool_out/470.out;\x0f\x18@m\x1eH(\x1e\\\x03\x12@\x12\x04F\x1e\x19\x10V7T
xortool_out/471.out;\x0f\x18@m\x1eH(\x1e\\\x03\x12@\x12\x04F\x1e\x19\x10VrT
xortool_out/472.out;N\x17Ob\x11N'\x11S\x0c\x1dO\x1d\x0bI\x11\x16\x1fY8[
xortool_out/473.out;N\x17Ob\x11N'\x11S\x0c\x1dO\x1d\x0bI\x11\x16\x1fY}[
xortool_out/474.out;N\x17Ob\x11G'\x11S\x0c\x1dO\x1d\x0bI\x11\x16\x1fY8[
xortool_out/475.out;N\x17Ob\x11G'\x11S\x0c\x1dO\x1d\x0bI\x11\x16\x1fY}[
xortool_out/476.out;\x00\x17Ob\x11N'\x11S\x0c\x1dO\x1d\x0bI\x11\x16\x1fY8[
xortool_out/477.out;\x00\x17Ob\x11N'\x11S\x0c\x1dO\x1d\x0bI\x11\x16\x1fY}[
xortool_out/478.out;\x00\x17Ob\x11G'\x11S\x0c\x1dO\x1d\x0bI\x11\x16\x1fY8[
xortool_out/479.out;\x00\x17Ob\x11G'\x11S\x0c\x1dO\x1d\x0bI\x11\x16\x1fY}[
xortool_out/480.out;O\x16Nc\x10O&\x10R\r\x1cN\x1c\nH\x10\x17\x1eX9Z
xortool_out/481.out;O\x16Nc\x10O&\x10R\r\x1cN\x1c\nH\x10\x17\x1eX|Z
xortool_out/482.out;O\x16Nc\x10F&\x10R\r\x1cN\x1c\nH\x10\x17\x1eX9Z
xortool_out/483.out;O\x16Nc\x10F&\x10R\r\x1cN\x1c\nH\x10\x17\x1eX|Z
xortool_out/484.out;\x01\x16Nc\x10O&\x10R\r\x1cN\x1c\nH\x10\x17\x1eX9Z
xortool_out/485.out;\x01\x16Nc\x10O&\x10R\r\x1cN\x1c\nH\x10\x17\x1eX|Z
xortool_out/486.out;\x01\x16Nc\x10F&\x10R\r\x1cN\x1c\nH\x10\x17\x1eX9Z
xortool_out/487.out;\x01\x16Nc\x10F&\x10R\r\x1cN\x1c\nH\x10\x17\x1eX|Z
xortool_out/488.out;L\x15M`\x13L%\x13Q\x0e\x1fM\x1f\tK\x13\x14\x1d[:Y
xortool_out/489.out;L\x15M`\x13L%\x13Q\x0e\x1fM\x1f\tK\x13\x14\x1d[\x7fY
xortool_out/490.out;L\x15M`\x13E%\x13Q\x0e\x1fM\x1f\tK\x13\x14\x1d[:Y
xortool_out/491.out;L\x15M`\x13E%\x13Q\x0e\x1fM\x1f\tK\x13\x14\x1d[\x7fY
xortool_out/492.out;\x02\x15M`\x13L%\x13Q\x0e\x1fM\x1f\tK\x13\x14\x1d[:Y
xortool_out/493.out;\x02\x15M`\x13L%\x13Q\x0e\x1fM\x1f\tK\x13\x14\x1d[\x7fY
xortool_out/494.out;\x02\x15M`\x13E%\x13Q\x0e\x1fM\x1f\tK\x13\x14\x1d[:Y
xortool_out/495.out;\x02\x15M`\x13E%\x13Q\x0e\x1fM\x1f\tK\x13\x14\x1d[\x7fY
xortool_out/496.out;7n6\x1bh7^h*ud6dr0hof A"
xortool_out/497.out;7n6\x1bh7^h*ud6dr0hof \x04"
xortool_out/498.out;7n6\x1bh>^h*ud6dr0hof A"
xortool_out/499.out;7n6\x1bh>^h*ud6dr0hof \x04"
xortool_out/500.out;yn6\x1bh7^h*ud6dr0hof A"
xortool_out/501.out;yn6\x1bh7^h*ud6dr0hof \x04"
xortool_out/502.out;yn6\x1bh>^h*ud6dr0hof A"
xortool_out/503.out;yn6\x1bh>^h*ud6dr0hof \x04"
xortool_out/504.out;4m5\x18k4]k)vg5gq3kle#B!
xortool_out/505.out;4m5\x18k4]k)vg5gq3kle#\x07!
xortool_out/506.out;4m5\x18k=]k)vg5gq3kle#B!
xortool_out/507.out;4m5\x18k=]k)vg5gq3kle#\x07!
xortool_out/508.out;zm5\x18k4]k)vg5gq3kle#B!
xortool_out/509.out;zm5\x18k4]k)vg5gq3kle#\x07!
xortool_out/510.out;zm5\x18k=]k)vg5gq3kle#B!
xortool_out/511.out;zm5\x18k=]k)vg5gq3kle#\x07!
xortool_out/512.out;5l4\x19j5\\j(wf4fp2jmd"C 
xortool_out/513.out;5l4\x19j5\\j(wf4fp2jmd"\x06 
xortool_out/514.out;5l4\x19j<\\j(wf4fp2jmd"C 
xortool_out/515.out;5l4\x19j<\\j(wf4fp2jmd"\x06 
xortool_out/516.out;{l4\x19j5\\j(wf4fp2jmd"C 
xortool_out/517.out;{l4\x19j5\\j(wf4fp2jmd"\x06 
xortool_out/518.out;{l4\x19j<\\j(wf4fp2jmd"C 
xortool_out/519.out;{l4\x19j<\\j(wf4fp2jmd"\x06 
xortool_out/520.out;2k3\x1em2[m\x2fpa3aw5mjc%D'
xortool_out/521.out;2k3\x1em2[m\x2fpa3aw5mjc%\x01'
xortool_out/522.out;2k3\x1em;[m\x2fpa3aw5mjc%D'
xortool_out/523.out;2k3\x1em;[m\x2fpa3aw5mjc%\x01'
xortool_out/524.out;|k3\x1em2[m\x2fpa3aw5mjc%D'
xortool_out/525.out;|k3\x1em2[m\x2fpa3aw5mjc%\x01'
xortool_out/526.out;|k3\x1em;[m\x2fpa3aw5mjc%D'
xortool_out/527.out;|k3\x1em;[m\x2fpa3aw5mjc%\x01'
xortool_out/528.out;3j2\x1fl3Zl.q`2`v4lkb$E&
xortool_out/529.out;3j2\x1fl3Zl.q`2`v4lkb$\x00&
xortool_out/530.out;3j2\x1fl:Zl.q`2`v4lkb$E&
xortool_out/531.out;3j2\x1fl:Zl.q`2`v4lkb$\x00&
xortool_out/532.out;}j2\x1fl3Zl.q`2`v4lkb$E&
xortool_out/533.out;}j2\x1fl3Zl.q`2`v4lkb$\x00&
xortool_out/534.out;}j2\x1fl:Zl.q`2`v4lkb$E&
xortool_out/535.out;}j2\x1fl:Zl.q`2`v4lkb$\x00&
xortool_out/536.out;0i1\x1co0Yo-rc1cu7oha'F%
xortool_out/537.out;0i1\x1co0Yo-rc1cu7oha'\x03%
xortool_out/538.out;0i1\x1co9Yo-rc1cu7oha'F%
xortool_out/539.out;0i1\x1co9Yo-rc1cu7oha'\x03%
xortool_out/540.out;~i1\x1co0Yo-rc1cu7oha'F%
xortool_out/541.out;~i1\x1co0Yo-rc1cu7oha'\x03%
xortool_out/542.out;~i1\x1co9Yo-rc1cu7oha'F%
xortool_out/543.out;~i1\x1co9Yo-rc1cu7oha'\x03%
xortool_out/544.out;1h0\x1dn1Xn,sb0bt6ni`&G$
xortool_out/545.out;1h0\x1dn1Xn,sb0bt6ni`&\x02$
xortool_out/546.out;1h0\x1dn8Xn,sb0bt6ni`&G$
xortool_out/547.out;1h0\x1dn8Xn,sb0bt6ni`&\x02$
xortool_out/548.out;\x7fh0\x1dn1Xn,sb0bt6ni`&G$
xortool_out/549.out;\x7fh0\x1dn1Xn,sb0bt6ni`&\x02$
xortool_out/550.out;\x7fh0\x1dn8Xn,sb0bt6ni`&G$
xortool_out/551.out;\x7fh0\x1dn8Xn,sb0bt6ni`&\x02$
xortool_out/552.out;>g?\x12a>Wa#|m?m{9afo)H+
xortool_out/553.out;>g?\x12a>Wa#|m?m{9afo)\r+
xortool_out/554.out;>g?\x12a7Wa#|m?m{9afo)H+
xortool_out/555.out;>g?\x12a7Wa#|m?m{9afo)\r+
xortool_out/556.out;pg?\x12a>Wa#|m?m{9afo)H+
xortool_out/557.out;pg?\x12a>Wa#|m?m{9afo)\r+
xortool_out/558.out;pg?\x12a7Wa#|m?m{9afo)H+
xortool_out/559.out;pg?\x12a7Wa#|m?m{9afo)\r+
xortool_out/560.out;?f>\x13`?V`"}l>lz8`gn(I*
xortool_out/561.out;?f>\x13`?V`"}l>lz8`gn(\x0c*
xortool_out/562.out;?f>\x13`6V`"}l>lz8`gn(I*
xortool_out/563.out;?f>\x13`6V`"}l>lz8`gn(\x0c*
xortool_out/564.out;qf>\x13`?V`"}l>lz8`gn(I*
xortool_out/565.out;qf>\x13`?V`"}l>lz8`gn(\x0c*
xortool_out/566.out;qf>\x13`6V`"}l>lz8`gn(I*
xortool_out/567.out;qf>\x13`6V`"}l>lz8`gn(\x0c*
xortool_out/568.out;<e=\x10c<Uc!~o=oy;cdm+J)
xortool_out/569.out;<e=\x10c<Uc!~o=oy;cdm+\x0f)
xortool_out/570.out;<e=\x10c5Uc!~o=oy;cdm+J)
xortool_out/571.out;<e=\x10c5Uc!~o=oy;cdm+\x0f)
xortool_out/572.out;re=\x10c<Uc!~o=oy;cdm+J)
xortool_out/573.out;re=\x10c<Uc!~o=oy;cdm+\x0f)
xortool_out/574.out;re=\x10c5Uc!~o=oy;cdm+J)
xortool_out/575.out;re=\x10c5Uc!~o=oy;cdm+\x0f)
xortool_out/576.out;=d<\x11b=Tb \x7fn<nx:bel*K(
xortool_out/577.out;=d<\x11b=Tb \x7fn<nx:bel*\x0e(
xortool_out/578.out;=d<\x11b4Tb \x7fn<nx:bel*K(
xortool_out/579.out;=d<\x11b4Tb \x7fn<nx:bel*\x0e(
xortool_out/580.out;sd<\x11b=Tb \x7fn<nx:bel*K(
xortool_out/581.out;sd<\x11b=Tb \x7fn<nx:bel*\x0e(
xortool_out/582.out;sd<\x11b4Tb \x7fn<nx:bel*K(
xortool_out/583.out;sd<\x11b4Tb \x7fn<nx:bel*\x0e(
xortool_out/584.out;:c;\x16e:Se'xi;i\x7f=ebk-L\x2f
xortool_out/585.out;:c;\x16e:Se'xi;i\x7f=ebk-\t\x2f
xortool_out/586.out;:c;\x16e3Se'xi;i\x7f=ebk-L\x2f
xortool_out/587.out;:c;\x16e3Se'xi;i\x7f=ebk-\t\x2f
xortool_out/588.out;tc;\x16e:Se'xi;i\x7f=ebk-L\x2f
xortool_out/589.out;tc;\x16e:Se'xi;i\x7f=ebk-\t\x2f
xortool_out/590.out;tc;\x16e3Se'xi;i\x7f=ebk-L\x2f
xortool_out/591.out;tc;\x16e3Se'xi;i\x7f=ebk-\t\x2f
xortool_out/592.out;;b:\x17d;Rd&yh:h~<dcj,M.
xortool_out/593.out;;b:\x17d;Rd&yh:h~<dcj,\x08.
xortool_out/594.out;;b:\x17d2Rd&yh:h~<dcj,M.
xortool_out/595.out;;b:\x17d2Rd&yh:h~<dcj,\x08.
xortool_out/596.out;ub:\x17d;Rd&yh:h~<dcj,M.
xortool_out/597.out;ub:\x17d;Rd&yh:h~<dcj,\x08.
xortool_out/598.out;ub:\x17d2Rd&yh:h~<dcj,M.
xortool_out/599.out;ub:\x17d2Rd&yh:h~<dcj,\x08.
xortool_out/600.out;8a9\x14g8Qg%zk9k}?g`i\x2fN-
xortool_out/601.out;8a9\x14g8Qg%zk9k}?g`i\x2f\x0b-
xortool_out/602.out;8a9\x14g1Qg%zk9k}?g`i\x2fN-
xortool_out/603.out;8a9\x14g1Qg%zk9k}?g`i\x2f\x0b-
xortool_out/604.out;va9\x14g8Qg%zk9k}?g`i\x2fN-
xortool_out/605.out;va9\x14g8Qg%zk9k}?g`i\x2f\x0b-
xortool_out/606.out;va9\x14g1Qg%zk9k}?g`i\x2fN-
xortool_out/607.out;va9\x14g1Qg%zk9k}?g`i\x2f\x0b-
xortool_out/608.out;9`8\x15f9Pf${j8j|>fah.O,
xortool_out/609.out;9`8\x15f9Pf${j8j|>fah.\n,
xortool_out/610.out;9`8\x15f0Pf${j8j|>fah.O,
xortool_out/611.out;9`8\x15f0Pf${j8j|>fah.\n,
xortool_out/612.out;w`8\x15f9Pf${j8j|>fah.O,
xortool_out/613.out;w`8\x15f9Pf${j8j|>fah.\n,
xortool_out/614.out;w`8\x15f0Pf${j8j|>fah.O,
xortool_out/615.out;w`8\x15f0Pf${j8j|>fah.\n,
xortool_out/616.out;,u-\x00s,Es1n\x7f-\x7fi+st};Z9
xortool_out/617.out;,u-\x00s,Es1n\x7f-\x7fi+st};\x1f9
xortool_out/618.out;,u-\x00s%Es1n\x7f-\x7fi+st};Z9
xortool_out/619.out;,u-\x00s%Es1n\x7f-\x7fi+st};\x1f9
xortool_out/620.out;bu-\x00s,Es1n\x7f-\x7fi+st};Z9
xortool_out/621.out;bu-\x00s,Es1n\x7f-\x7fi+st};\x1f9
xortool_out/622.out;bu-\x00s%Es1n\x7f-\x7fi+st};Z9
xortool_out/623.out;bu-\x00s%Es1n\x7f-\x7fi+st};\x1f9
xortool_out/624.out;-t,\x01r-Dr0o~,~h*ru|:[8
xortool_out/625.out;-t,\x01r-Dr0o~,~h*ru|:\x1e8
xortool_out/626.out;-t,\x01r$Dr0o~,~h*ru|:[8
xortool_out/627.out;-t,\x01r$Dr0o~,~h*ru|:\x1e8
xortool_out/628.out;ct,\x01r-Dr0o~,~h*ru|:[8
xortool_out/629.out;ct,\x01r-Dr0o~,~h*ru|:\x1e8
xortool_out/630.out;ct,\x01r$Dr0o~,~h*ru|:[8
xortool_out/631.out;ct,\x01r$Dr0o~,~h*ru|:\x1e8
xortool_out/632.out;*s+\x06u*Cu7hy+yo-ur{=\\?
xortool_out/633.out;*s+\x06u*Cu7hy+yo-ur{=\x19?
xortool_out/634.out;*s+\x06u#Cu7hy+yo-ur{=\\?
xortool_out/635.out;*s+\x06u#Cu7hy+yo-ur{=\x19?
xortool_out/636.out;ds+\x06u*Cu7hy+yo-ur{=\\?
xortool_out/637.out;ds+\x06u*Cu7hy+yo-ur{=\x19?
xortool_out/638.out;ds+\x06u#Cu7hy+yo-ur{=\\?
xortool_out/639.out;ds+\x06u#Cu7hy+yo-ur{=\x19?
xortool_out/640.out;+r*\x07t+Bt6ix*xn,tsz<]>
xortool_out/641.out;+r*\x07t+Bt6ix*xn,tsz<\x18>
xortool_out/642.out;+r*\x07t"Bt6ix*xn,tsz<]>
xortool_out/643.out;+r*\x07t"Bt6ix*xn,tsz<\x18>
xortool_out/644.out;er*\x07t+Bt6ix*xn,tsz<]>
xortool_out/645.out;er*\x07t+Bt6ix*xn,tsz<\x18>
xortool_out/646.out;er*\x07t"Bt6ix*xn,tsz<]>
xortool_out/647.out;er*\x07t"Bt6ix*xn,tsz<\x18>
xortool_out/648.out;(q)\x04w(Aw5j{){m\x2fwpy?^=
xortool_out/649.out;(q)\x04w(Aw5j{){m\x2fwpy?\x1b=
xortool_out/650.out;(q)\x04w!Aw5j{){m\x2fwpy?^=
xortool_out/651.out;(q)\x04w!Aw5j{){m\x2fwpy?\x1b=
xortool_out/652.out;fq)\x04w(Aw5j{){m\x2fwpy?^=
xortool_out/653.out;fq)\x04w(Aw5j{){m\x2fwpy?\x1b=
xortool_out/654.out;fq)\x04w!Aw5j{){m\x2fwpy?^=
xortool_out/655.out;fq)\x04w!Aw5j{){m\x2fwpy?\x1b=
xortool_out/656.out;)p(\x05v)@v4kz(zl.vqx>_<
xortool_out/657.out;)p(\x05v)@v4kz(zl.vqx>\x1a<
xortool_out/658.out;)p(\x05v @v4kz(zl.vqx>_<
xortool_out/659.out;)p(\x05v @v4kz(zl.vqx>\x1a<
xortool_out/660.out;gp(\x05v)@v4kz(zl.vqx>_<
xortool_out/661.out;gp(\x05v)@v4kz(zl.vqx>\x1a<
xortool_out/662.out;gp(\x05v @v4kz(zl.vqx>_<
xortool_out/663.out;gp(\x05v @v4kz(zl.vqx>\x1a<
xortool_out/664.out;V\x0fWz\tV?\tK\x14\x05W\x05\x13Q\t\x0e\x07A C
xortool_out/665.out;V\x0fWz\tV?\tK\x14\x05W\x05\x13Q\t\x0e\x07AeC
xortool_out/666.out;V\x0fWz\t_?\tK\x14\x05W\x05\x13Q\t\x0e\x07A C
xortool_out/667.out;V\x0fWz\t_?\tK\x14\x05W\x05\x13Q\t\x0e\x07AeC
xortool_out/668.out;\x18\x0fWz\tV?\tK\x14\x05W\x05\x13Q\t\x0e\x07A C
xortool_out/669.out;\x18\x0fWz\tV?\tK\x14\x05W\x05\x13Q\t\x0e\x07AeC
xortool_out/670.out;\x18\x0fWz\t_?\tK\x14\x05W\x05\x13Q\t\x0e\x07A C
xortool_out/671.out;\x18\x0fWz\t_?\tK\x14\x05W\x05\x13Q\t\x0e\x07AeC
xortool_out/672.out;M\x14La\x12M$\x12P\x0f\x1eL\x1e\x08J\x12\x15\x1cZ;X
xortool_out/673.out;M\x14La\x12M$\x12P\x0f\x1eL\x1e\x08J\x12\x15\x1cZ~X
xortool_out/674.out;M\x14La\x12D$\x12P\x0f\x1eL\x1e\x08J\x12\x15\x1cZ;X
xortool_out/675.out;M\x14La\x12D$\x12P\x0f\x1eL\x1e\x08J\x12\x15\x1cZ~X
xortool_out/676.out;\x03\x14La\x12M$\x12P\x0f\x1eL\x1e\x08J\x12\x15\x1cZ;X
xortool_out/677.out;\x03\x14La\x12M$\x12P\x0f\x1eL\x1e\x08J\x12\x15\x1cZ~X
xortool_out/678.out;\x03\x14La\x12D$\x12P\x0f\x1eL\x1e\x08J\x12\x15\x1cZ;X
xortool_out/679.out;\x03\x14La\x12D$\x12P\x0f\x1eL\x1e\x08J\x12\x15\x1cZ~X
xortool_out/680.out;J\x13Kf\x15J#\x15W\x08\x19K\x19\x0fM\x15\x12\x1b]<_
xortool_out/681.out;J\x13Kf\x15J#\x15W\x08\x19K\x19\x0fM\x15\x12\x1b]y_
xortool_out/682.out;J\x13Kf\x15C#\x15W\x08\x19K\x19\x0fM\x15\x12\x1b]<_
xortool_out/683.out;J\x13Kf\x15C#\x15W\x08\x19K\x19\x0fM\x15\x12\x1b]y_
xortool_out/684.out;\x04\x13Kf\x15J#\x15W\x08\x19K\x19\x0fM\x15\x12\x1b]<_
xortool_out/685.out;\x04\x13Kf\x15J#\x15W\x08\x19K\x19\x0fM\x15\x12\x1b]y_
xortool_out/686.out;\x04\x13Kf\x15C#\x15W\x08\x19K\x19\x0fM\x15\x12\x1b]<_
xortool_out/687.out;\x04\x13Kf\x15C#\x15W\x08\x19K\x19\x0fM\x15\x12\x1b]y_
xortool_out/688.out;K\x12Jg\x14K"\x14V\t\x18J\x18\x0eL\x14\x13\x1a\\=^
xortool_out/689.out;K\x12Jg\x14K"\x14V\t\x18J\x18\x0eL\x14\x13\x1a\\x^
xortool_out/690.out;K\x12Jg\x14B"\x14V\t\x18J\x18\x0eL\x14\x13\x1a\\=^
xortool_out/691.out;K\x12Jg\x14B"\x14V\t\x18J\x18\x0eL\x14\x13\x1a\\x^
xortool_out/692.out;\x05\x12Jg\x14K"\x14V\t\x18J\x18\x0eL\x14\x13\x1a\\=^
xortool_out/693.out;\x05\x12Jg\x14K"\x14V\t\x18J\x18\x0eL\x14\x13\x1a\\x^
xortool_out/694.out;\x05\x12Jg\x14B"\x14V\t\x18J\x18\x0eL\x14\x13\x1a\\=^
xortool_out/695.out;\x05\x12Jg\x14B"\x14V\t\x18J\x18\x0eL\x14\x13\x1a\\x^
xortool_out/696.out;H\x11Id\x17H!\x17U\n\x1bI\x1b\rO\x17\x10\x19_>]
xortool_out/697.out;H\x11Id\x17H!\x17U\n\x1bI\x1b\rO\x17\x10\x19_{]
xortool_out/698.out;H\x11Id\x17A!\x17U\n\x1bI\x1b\rO\x17\x10\x19_>]
xortool_out/699.out;H\x11Id\x17A!\x17U\n\x1bI\x1b\rO\x17\x10\x19_{]
xortool_out/700.out;\x06\x11Id\x17H!\x17U\n\x1bI\x1b\rO\x17\x10\x19_>]
xortool_out/701.out;\x06\x11Id\x17H!\x17U\n\x1bI\x1b\rO\x17\x10\x19_{]
xortool_out/702.out;\x06\x11Id\x17A!\x17U\n\x1bI\x1b\rO\x17\x10\x19_>]
xortool_out/703.out;\x06\x11Id\x17A!\x17U\n\x1bI\x1b\rO\x17\x10\x19_{]
xortool_out/704.out;I\x10He\x16I \x16T\x0b\x1aH\x1a\x0cN\x16\x11\x18^?\\
xortool_out/705.out;I\x10He\x16I \x16T\x0b\x1aH\x1a\x0cN\x16\x11\x18^z\\
xortool_out/706.out;I\x10He\x16@ \x16T\x0b\x1aH\x1a\x0cN\x16\x11\x18^?\\
xortool_out/707.out;I\x10He\x16@ \x16T\x0b\x1aH\x1a\x0cN\x16\x11\x18^z\\
xortool_out/708.out;\x07\x10He\x16I \x16T\x0b\x1aH\x1a\x0cN\x16\x11\x18^?\\
xortool_out/709.out;\x07\x10He\x16I \x16T\x0b\x1aH\x1a\x0cN\x16\x11\x18^z\\
xortool_out/710.out;\x07\x10He\x16@ \x16T\x0b\x1aH\x1a\x0cN\x16\x11\x18^?\\
xortool_out/711.out;\x07\x10He\x16@ \x16T\x0b\x1aH\x1a\x0cN\x16\x11\x18^z\\
xortool_out/712.out;v\x2fwZ)v\x1f)k4%w%3q).'a\x00c
xortool_out/713.out;v\x2fwZ)v\x1f)k4%w%3q).'aEc
xortool_out/714.out;v\x2fwZ)\x7f\x1f)k4%w%3q).'a\x00c
xortool_out/715.out;v\x2fwZ)\x7f\x1f)k4%w%3q).'aEc
xortool_out/716.out;8\x2fwZ)v\x1f)k4%w%3q).'a\x00c
xortool_out/717.out;8\x2fwZ)v\x1f)k4%w%3q).'aEc
xortool_out/718.out;8\x2fwZ)\x7f\x1f)k4%w%3q).'a\x00c
xortool_out/719.out;8\x2fwZ)\x7f\x1f)k4%w%3q).'aEc
xortool_out/720.out;m4lA2m\x042p\x2f>l>(j25<z\x1bx
xortool_out/721.out;m4lA2m\x042p\x2f>l>(j25<z^x
xortool_out/722.out;m4lA2d\x042p\x2f>l>(j25<z\x1bx
xortool_out/723.out;m4lA2d\x042p\x2f>l>(j25<z^x
xortool_out/724.out;#4lA2m\x042p\x2f>l>(j25<z\x1bx
xortool_out/725.out;#4lA2m\x042p\x2f>l>(j25<z^x
xortool_out/726.out;#4lA2d\x042p\x2f>l>(j25<z\x1bx
xortool_out/727.out;#4lA2d\x042p\x2f>l>(j25<z^x
xortool_out/728.out;j3kF5j\x035w(9k9\x2fm52;}\x1c\x7f
xortool_out/729.out;j3kF5j\x035w(9k9\x2fm52;}Y\x7f
xortool_out/730.out;j3kF5c\x035w(9k9\x2fm52;}\x1c\x7f
xortool_out/731.out;j3kF5c\x035w(9k9\x2fm52;}Y\x7f
xortool_out/732.out;$3kF5j\x035w(9k9\x2fm52;}\x1c\x7f
xortool_out/733.out;$3kF5j\x035w(9k9\x2fm52;}Y\x7f
xortool_out/734.out;$3kF5c\x035w(9k9\x2fm52;}\x1c\x7f
xortool_out/735.out;$3kF5c\x035w(9k9\x2fm52;}Y\x7f
xortool_out/736.out;k2jG4k\x024v)8j8.l43:|\x1d~
xortool_out/737.out;k2jG4k\x024v)8j8.l43:|X~
xortool_out/738.out;k2jG4b\x024v)8j8.l43:|\x1d~
xortool_out/739.out;k2jG4b\x024v)8j8.l43:|X~
xortool_out/740.out;%2jG4k\x024v)8j8.l43:|\x1d~
xortool_out/741.out;%2jG4k\x024v)8j8.l43:|X~
xortool_out/742.out;%2jG4b\x024v)8j8.l43:|\x1d~
xortool_out/743.out;%2jG4b\x024v)8j8.l43:|X~
xortool_out/744.out;h1iD7h\x017u*;i;-o709\x7f\x1e}
xortool_out/745.out;h1iD7h\x017u*;i;-o709\x7f[}
xortool_out/746.out;h1iD7a\x017u*;i;-o709\x7f\x1e}
xortool_out/747.out;h1iD7a\x017u*;i;-o709\x7f[}
xortool_out/748.out;&1iD7h\x017u*;i;-o709\x7f\x1e}
xortool_out/749.out;&1iD7h\x017u*;i;-o709\x7f[}
xortool_out/750.out;&1iD7a\x017u*;i;-o709\x7f\x1e}
xortool_out/751.out;&1iD7a\x017u*;i;-o709\x7f[}
xortool_out/752.out;6o7\x1ai6_i+te7es1ing!@#
xortool_out/753.out;6o7\x1ai6_i+te7es1ing!\x05#
xortool_out/754.out;6o7\x1ai?_i+te7es1ing!@#
xortool_out/755.out;6o7\x1ai?_i+te7es1ing!\x05#
xortool_out/756.out;xo7\x1ai6_i+te7es1ing!@#
xortool_out/757.out;xo7\x1ai6_i+te7es1ing!\x05#
xortool_out/758.out;xo7\x1ai?_i+te7es1ing!@#
xortool_out/759.out;xo7\x1ai?_i+te7es1ing!\x05#
xortool_out/760.out;\x1fF\x1e3@\x1fv@\x02]L\x1eLZ\x18@GN\x08i\n
xortool_out/761.out;\x1fF\x1e3@\x1fv@\x02]L\x1eLZ\x18@GN\x08,\n
xortool_out/762.out;\x1fF\x1e3@\x16v@\x02]L\x1eLZ\x18@GN\x08i\n
xortool_out/763.out;\x1fF\x1e3@\x16v@\x02]L\x1eLZ\x18@GN\x08,\n
xortool_out/764.out;QF\x1e3@\x1fv@\x02]L\x1eLZ\x18@GN\x08i\n
xortool_out/765.out;QF\x1e3@\x1fv@\x02]L\x1eLZ\x18@GN\x08,\n
xortool_out/766.out;QF\x1e3@\x16v@\x02]L\x1eLZ\x18@GN\x08i\n
xortool_out/767.out;QF\x1e3@\x16v@\x02]L\x1eLZ\x18@GN\x08,\n
xortool_out/768.out;\x1cE\x1d0C\x1cuC\x01^O\x1dOY\x1bCDM\x0bj\t
xortool_out/769.out;\x1cE\x1d0C\x1cuC\x01^O\x1dOY\x1bCDM\x0b\x2f\t
xortool_out/770.out;\x1cE\x1d0C\x15uC\x01^O\x1dOY\x1bCDM\x0bj\t
xortool_out/771.out;\x1cE\x1d0C\x15uC\x01^O\x1dOY\x1bCDM\x0b\x2f\t
xortool_out/772.out;RE\x1d0C\x1cuC\x01^O\x1dOY\x1bCDM\x0bj\t
xortool_out/773.out;RE\x1d0C\x1cuC\x01^O\x1dOY\x1bCDM\x0b\x2f\t
xortool_out/774.out;RE\x1d0C\x15uC\x01^O\x1dOY\x1bCDM\x0bj\t
xortool_out/775.out;RE\x1d0C\x15uC\x01^O\x1dOY\x1bCDM\x0b\x2f\t
xortool_out/776.out;\x1bB\x1a7D\x1brD\x06YH\x1aH^\x1cDCJ\x0cm\x0e
xortool_out/777.out;\x1bB\x1a7D\x1brD\x06YH\x1aH^\x1cDCJ\x0c(\x0e
xortool_out/778.out;\x1bB\x1a7D\x12rD\x06YH\x1aH^\x1cDCJ\x0cm\x0e
xortool_out/779.out;\x1bB\x1a7D\x12rD\x06YH\x1aH^\x1cDCJ\x0c(\x0e
xortool_out/780.out;UB\x1a7D\x1brD\x06YH\x1aH^\x1cDCJ\x0cm\x0e
xortool_out/781.out;UB\x1a7D\x1brD\x06YH\x1aH^\x1cDCJ\x0c(\x0e
xortool_out/782.out;UB\x1a7D\x12rD\x06YH\x1aH^\x1cDCJ\x0cm\x0e
xortool_out/783.out;UB\x1a7D\x12rD\x06YH\x1aH^\x1cDCJ\x0c(\x0e
xortool_out/784.out;\x1dD\x1c1B\x1dtB\x00_N\x1cNX\x1aBEL\nk\x08
xortool_out/785.out;\x1dD\x1c1B\x1dtB\x00_N\x1cNX\x1aBEL\n.\x08
xortool_out/786.out;\x1dD\x1c1B\x14tB\x00_N\x1cNX\x1aBEL\nk\x08
xortool_out/787.out;\x1dD\x1c1B\x14tB\x00_N\x1cNX\x1aBEL\n.\x08
xortool_out/788.out;SD\x1c1B\x1dtB\x00_N\x1cNX\x1aBEL\nk\x08
xortool_out/789.out;SD\x1c1B\x1dtB\x00_N\x1cNX\x1aBEL\n.\x08
xortool_out/790.out;SD\x1c1B\x14tB\x00_N\x1cNX\x1aBEL\nk\x08
xortool_out/791.out;SD\x1c1B\x14tB\x00_N\x1cNX\x1aBEL\n.\x08
xortool_out/792.out;\x1aC\x1b6E\x1asE\x07XI\x1bI_\x1dEBK\rl\x0f
xortool_out/793.out;\x1aC\x1b6E\x1asE\x07XI\x1bI_\x1dEBK\r)\x0f
xortool_out/794.out;\x1aC\x1b6E\x13sE\x07XI\x1bI_\x1dEBK\rl\x0f
xortool_out/795.out;\x1aC\x1b6E\x13sE\x07XI\x1bI_\x1dEBK\r)\x0f
xortool_out/796.out;TC\x1b6E\x1asE\x07XI\x1bI_\x1dEBK\rl\x0f
xortool_out/797.out;TC\x1b6E\x1asE\x07XI\x1bI_\x1dEBK\r)\x0f
xortool_out/798.out;TC\x1b6E\x13sE\x07XI\x1bI_\x1dEBK\rl\x0f
xortool_out/799.out;TC\x1b6E\x13sE\x07XI\x1bI_\x1dEBK\r)\x0f
